[
    {
        "mentor_id": 1,
        "date": "2025-05-24",
        "time": "10:30 AM",
        "full_name": "a",
        "email": "aaa@gmail.com",
        "message": "a"
    },
    {
        "mentor_id": 1,
        "date": "2025-05-26",
        "time": "10:30 AM",
        "full_name": "a",
        "email": "aaa@gmail.com",
        "message": "aa"
    },
    {
        "mentor_id": 1,
        "date": "2025-05-24",
        "time": "1:30 PM",
        "full_name": "aaa",
        "email": "aaa@gmail.com",
        "message": "a"
    },
    {
        "mentor_id": 1,
        "date": "2025-05-24",
        "time": "2:00 PM",
        "full_name": "a",
        "email": "aaa@gmail.com",
        "message": "a"
    },
    {
        "mentor_id": 1,
        "date": "2025-05-25",
        "time": "10:30 AM",
        "full_name": "a",
        "email": "aaa@gmail.com",
        "message": "a"
    },
    {
        "mentor_id": 1,
        "date": "2025-05-25",
        "time": "10:00 AM",
        "full_name": "a",
        "email": "aaa@gmail.com",
        "message": "a"
    },
    {
        "mentor_id": 1,
        "date": "2025-05-25",
        "time": "11:30 AM",
        "full_name": "a",
        "email": "aaa@gmail.com",
        "message": "a"
    },
    {
        "mentor_id": 8,
        "date": "2025-05-26",
        "time": "10:30 AM",
        "full_name": "brandon",
        "email": "branodno@gmailc.om",
        "message": "="
    },
    {
        "mentor_id": 1,
        "date": "2025-05-26",
        "time": "11:00 AM",
        "full_name": "a",
        "email": "branodno@gmailc.om",
        "message": "a"
    },
    {
        "mentor_id": 1,
        "date": "2025-05-26",
        "time": "11:00 AM",
        "full_name": "a",
        "email": "branodno@gmailc.om",
        "message": "as"
    },
    {
        "mentor_id": 2,
        "date": "2025-05-26",
        "time": "10:00 AM",
        "full_name": "a",
        "email": "a@gmail.com",
        "message": "a"
    },
    {
        "mentor_id": 1,
        "date": "2025-05-26",
        "time": "1:30 PM",
        "full_name": "a",
        "email": "branodno@gmailc.om",
        "message": "a"
    },
    {
        "mentor_id": 8,
        "date": "2025-05-26",
        "time": "11:00 AM",
        "full_name": "a",
        "email": "branodno@gmailc.om",
        "message": "a"
    },
    {
        "mentor_id": 8,
        "date": "2025-05-26",
        "time": "2:00 PM",
        "full_name": "a",
        "email": "a@gmail.com",
        "message": "a"
    },
    {
        "mentor_id": 8,
        "date": "2025-06-01",
        "time": "10:00 AM",
        "full_name": "a",
        "email": "a@gmail.com",
        "message": "a"
    }
]